{
    "log_listen_time_last_30d": {
        "xgb": 0.7208054661750793,
        "lgbm": 1.0,
        "cat": 1.0,
        "rf": 1.0,
        "bag_lr": 0.24300246779084167,
        "Mean_Importance": 0.7927615867931842
    },
    "log_errors_last_7d": {
        "xgb": 1.0,
        "lgbm": 0.13766730401529637,
        "cat": 0.06216020454079161,
        "rf": 0.8363785983838626,
        "bag_lr": 0.6761858829778694,
        "Mean_Importance": 0.542478397983564
    },
    "downgrade": {
        "xgb": 0.11716517060995102,
        "lgbm": 0.6022944550669216,
        "cat": 0.2776196430242612,
        "rf": 0.4610249405399261,
        "bag_lr": 0.9680589725993245,
        "Mean_Importance": 0.4852326363680769
    },
    "log_listen_time_last_7d": {
        "xgb": 0.340135395526886,
        "lgbm": 0.3135755258126195,
        "cat": 0.16956242822487738,
        "rf": 0.5284341367779074,
        "bag_lr": 0.9499868683173008,
        "Mean_Importance": 0.46033887093191816
    },
    "thumbs_down_per_day": {
        "xgb": 0.16445674002170563,
        "lgbm": 0.5889101338432122,
        "cat": 0.165411056157017,
        "rf": 0.6813637405077363,
        "bag_lr": 0.4804232004010621,
        "Mean_Importance": 0.4161129741861466
    },
    "frustration_score": {
        "xgb": 0.05085485801100731,
        "lgbm": 0.4110898661567878,
        "cat": 0.24524800147827372,
        "rf": 0.4314542496756354,
        "bag_lr": 0.8333919256119484,
        "Mean_Importance": 0.39440778018673056
    },
    "avg_songs_per_day": {
        "xgb": 0.10181249678134918,
        "lgbm": 0.5564053537284895,
        "cat": 0.2442829993476662,
        "rf": 0.5399013380715744,
        "bag_lr": 0.5074964631423526,
        "Mean_Importance": 0.3899797302142864
    },
    "avg_session_duration": {
        "xgb": 0.032254207879304886,
        "lgbm": 0.6959847036328872,
        "cat": 0.13623591040221805,
        "rf": 0.3179148500185909,
        "bag_lr": 0.7544820702909198,
        "Mean_Importance": 0.38737434844478413
    },
    "log_errors_last_30d": {
        "xgb": 0.07351832836866379,
        "lgbm": 0.37093690248565964,
        "cat": 0.10659088347283861,
        "rf": 0.32284673949637066,
        "bag_lr": 0.972890299407131,
        "Mean_Importance": 0.3693566306461327
    },
    "exploration_ratio": {
        "xgb": 0.07557722926139832,
        "lgbm": 0.45124282982791586,
        "cat": 0.2796650157349805,
        "rf": 0.28951740066454223,
        "bag_lr": 0.7148823547019313,
        "Mean_Importance": 0.36217696603815364
    },
    "thumbs_up_per_day": {
        "xgb": 0.16488949954509735,
        "lgbm": 0.4359464627151052,
        "cat": 0.15886637268266515,
        "rf": 0.44591386660270366,
        "bag_lr": 0.5168601494791998,
        "Mean_Importance": 0.34449527020495424
    },
    "account_lifetime": {
        "xgb": 0.052776094526052475,
        "lgbm": 0.3154875717017208,
        "cat": 0.04839727404092812,
        "rf": 0.30425587491812706,
        "bag_lr": 1.0,
        "Mean_Importance": 0.34418336303736574
    },
    "sessions_per_day": {
        "xgb": 0.07323203235864639,
        "lgbm": 0.4378585086042065,
        "cat": 0.10849823353105285,
        "rf": 0.36495828647779205,
        "bag_lr": 0.5789060117845067,
        "Mean_Importance": 0.3126906145512409
    },
    "days_since_last_session": {
        "xgb": 0.053430743515491486,
        "lgbm": 0.4627151051625239,
        "cat": 0.05946353281297407,
        "rf": 0.3078450873280855,
        "bag_lr": 0.6605820612009536,
        "Mean_Importance": 0.30880730600400574
    },
    "session_velocity": {
        "xgb": 0.040215864777565,
        "lgbm": 0.655831739961759,
        "cat": 0.13712480710837974,
        "rf": 0.2670222916307819,
        "bag_lr": 0.43102942868243643,
        "Mean_Importance": 0.3062448264321844
    },
    "diversity_ratio_30d": {
        "xgb": 0.046807993203401566,
        "lgbm": 0.20267686424474188,
        "cat": 0.051421395615710845,
        "rf": 0.795870144856677,
        "bag_lr": 0.3917865232986195,
        "Mean_Importance": 0.2977125842438301
    },
    "trend_errors_7d_vs_30d": {
        "xgb": 0.0916840136051178,
        "lgbm": 0.35946462715105165,
        "cat": 0.04607859592300959,
        "rf": 0.35481728377364297,
        "bag_lr": 0.6271548057246632,
        "Mean_Importance": 0.29583986523549705
    },
    "log_listen_time_last_14d": {
        "xgb": 0.06911923736333847,
        "lgbm": 0.33460803059273425,
        "cat": 0.08497655898679261,
        "rf": 0.3971624450015796,
        "bag_lr": 0.43590586419486393,
        "Mean_Importance": 0.2643544272278618
    },
    "last_session_songs": {
        "xgb": 0.038596440106630325,
        "lgbm": 0.34990439770554493,
        "cat": 0.044591762595969864,
        "rf": 0.28869383339303023,
        "bag_lr": 0.5836545037820542,
        "Mean_Importance": 0.2610881875166459
    },
    "avg_songs_per_session": {
        "xgb": 0.04748603701591492,
        "lgbm": 0.42829827915869984,
        "cat": 0.08095388056223032,
        "rf": 0.3202325836701788,
        "bag_lr": 0.4254050933613295,
        "Mean_Importance": 0.26047517475367066
    },
    "last_session_errors": {
        "xgb": 0.026074176654219627,
        "lgbm": 0.32122370936902483,
        "cat": 0.06825988630030373,
        "rf": 0.24471539884305704,
        "bag_lr": 0.6417924339391635,
        "Mean_Importance": 0.26041312102115377
    },
    "last_session_downgrade": {
        "xgb": 0.05390952154994011,
        "lgbm": 0.11854684512428298,
        "cat": 0.03248732020250573,
        "rf": 0.44331107939373926,
        "bag_lr": 0.6141829980075253,
        "Mean_Importance": 0.25248755285559865
    },
    "errors_per_day": {
        "xgb": 0.0757228434085846,
        "lgbm": 0.2676864244741874,
        "cat": 0.07138626824327328,
        "rf": 0.32607945383034387,
        "bag_lr": 0.4909871226756616,
        "Mean_Importance": 0.24637242252641017
    },
    "listen_time_per_day": {
        "xgb": 0.02529834769666195,
        "lgbm": 0.1988527724665392,
        "cat": 0.04083794423280861,
        "rf": 0.4986703218066888,
        "bag_lr": 0.4588015463861986,
        "Mean_Importance": 0.24449218651777943
    },
    "log_errors_last_14d": {
        "xgb": 0.07542148232460022,
        "lgbm": 0.1701720841300191,
        "cat": 0.051886126031641056,
        "rf": 0.46975756446062494,
        "bag_lr": 0.3832738666016586,
        "Mean_Importance": 0.23010222470970879
    },
    "state_freq": {
        "xgb": 0.1922779679298401,
        "lgbm": 0.06692160611854685,
        "cat": 0.0330864469667277,
        "rf": 0.047887133547380334,
        "bag_lr": 0.7488880735688308,
        "Mean_Importance": 0.21781224562626517
    },
    "recency_frequency_ratio": {
        "xgb": 0.04906498268246651,
        "lgbm": 0.08221797323135756,
        "cat": 0.014102964818260353,
        "rf": 0.3962450219899636,
        "bag_lr": 0.4454243801080298,
        "Mean_Importance": 0.19741106456601556
    },
    "log_songs_last_30d": {
        "xgb": 0.018344204872846603,
        "lgbm": 0.022944550669216062,
        "cat": 0.008673194318173524,
        "rf": 0.030712580523615057,
        "bag_lr": 0.9028110212096072,
        "Mean_Importance": 0.1966971103186917
    },
    "avg_days_between_sessions": {
        "xgb": 0.04301539435982704,
        "lgbm": 0.25621414913957935,
        "cat": 0.06784968350078226,
        "rf": 0.41472763942041424,
        "bag_lr": 0.16376698844374762,
        "Mean_Importance": 0.18911477097287008
    },
    "log_songs_last_14d": {
        "xgb": 0.02051601931452751,
        "lgbm": 0.045889101338432124,
        "cat": 0.004315843329744491,
        "rf": 0.03862048368996119,
        "bag_lr": 0.818521087378119,
        "Mean_Importance": 0.18557250701015687
    },
    "hate_ratio_7d": {
        "xgb": 0.03476375341415405,
        "lgbm": 0.15487571701720843,
        "cat": 0.03668899647824547,
        "rf": 0.1391221373421776,